job_description,job_skills,job_post_id,status
"Designation: AI ML Engineer
Experience: 3years to 7 years
Job Description:
Responsibilities
Design and implement machine learning models and AI algorithms.
Analyze and preprocess large datasets to prepare them for model training.
Collaborate with data scientists, product managers, and other engineers to integrate ML models into production systems.
Perform model training, validation, and testing, and conduct statistical analysis to fine-tune performance.
Monitor and maintain the performance, scalability, and reliability of AI systems.
Build and maintain robust pipelines for deploying and retraining models.
Research and implement the latest advancements and technologies in AI and machine learning.
Document all development processes, models, and code clearly. 
Qualifications and Skills
Education: Bachelor's degree in Computer Science, Data Science, or a related field; a Master's degree is often preferred.
Experience: Hands-on experience in AI development, data analysis, and machine learning techniques.
click here to apply: https://docs.google.com/forms/d/e/1FAIpQLSdSACdRA6KOjY-SXQl0unwXJK3_dxDFSrQyECKqpWCZ1EfnPw/viewform?usp=sharing&ouid=111372244744191018484

Thanks & Regards,
HR Team
","python, ml, AWS ML, Azure ML",7416160443150422017,open
